1791192732.635335	2628	5506560	32984722	32876544
1791192732.641975	2644	5506560	32984722	32876544
1791192732.647772	2656	5506560	32990996	32876544
1791192732.653523	2671	5506560	32990996	32876544
1791192732.659309	2686	5506560	32998120	32876544
1791192732.665184	2698	5506560	33004952	32876544
1791192732.671162	2709	5506560	33004952	32876544
1791192732.677146	2721	5506560	33010372	32876544
1791192732.682978	2733	5506560	33010372	32876544
1791192732.688901	2747	5506560	33016360	32876544
1791192732.694878	2761	5506560	33023468	32876544
1791192732.700721	2776	5506560	33023468	32876544
1791192732.706374	2790	5506560	33030602	32876544
1791192732.712254	2803	5506560	33030602	32876544
1791192732.718557	2815	5506560	33036972	32876544
1791192732.724735	2826	5506560	33036972	32876544
1791192732.730897	2840	5506560	33042287	32876544
1791192732.737013	2852	5506560	33048275	32876544
1791192732.743096	2865	5506560	33048275	32876544
1791192732.749320	2878	5506560	33054549	32876544
1791192732.755004	2891	5506560	33060813	32876544
1791192732.760686	2905	5506560	33060813	32876544
1791192732.766293	2917	5506560	33067369	32876544
1791192732.772320	2930	5506560	33067369	32876544
1791192732.778198	2942	5506560	33073357	32876544
1791192732.784043	2955	5506560	33073357	32876544
1791192732.789802	2968	5506560	33079621	32876544
1791192732.795524	2982	5506560	33086453	32876544
1791192732.801332	2996	5506560	33086453	32876544
1791192732.807019	3009	5506560	33093301	32876544
1791192732.812921	3022	5506560	33093301	32876544
1791192732.818839	3035	5506560	33099857	32876544
1791192732.824691	3048	5506560	33099857	32876544
1791192732.830793	3058	5506560	33106131	32876544
1791192732.837205	3067	5506560	33110399	32876544
1791192732.843041	3080	5506560	33110399	32876544
1791192732.848839	3091	5506560	33116398	32876544
1791192732.854682	3104	5506560	33116398	32876544
1791192732.860506	3117	5506560	33122386	32876544
1791192732.866458	3130	5758976	33128650	32876544
1791192732.872290	3143	5758976	33128650	32876544
1791192732.877907	3155	5758976	33135206	33128650
1791192732.883704	3162	5758976	33135206	33128650
1791192732.889558	3176	5758976	33140162	33128650
1791192732.895397	3188	5758976	33140162	33128650
1791192732.902011	3201	5758976	33146150	33128650
1791192732.907801	3214	5758976	33152138	33128650
1791192732.913991	3227	5758976	33152138	33128650
1791192732.920043	3236	5758976	33158110	33128650
1791192732.926060	3244	5758976	33158110	33128650
1791192732.932274	3252	5758976	33161826	33128650
1791192732.938322	3261	5758976	33165802	33128650
1791192732.944513	3267	5758976	33165802	33128650
1791192732.950311	3274	5758976	33168960	33128650
1791192732.955984	3284	5758976	33168960	33128650
1791192732.961774	3296	5758976	33173796	33128650
1791192732.967538	3307	5758976	33173796	33128650
1791192732.973424	3315	5758976	33179502	33128650
1791192732.979255	3324	5758976	33183786	33128650
1791192732.985220	3336	5758976	33183786	33128650
1791192732.990828	3350	5758976	33189483	33128650
1791192732.996404	3365	5758976	33189483	33128650
1791192733.002226	3379	5758976	33196883	33128650
1791192733.007870	3392	5758976	33196883	33128650
1791192733.013733	3406	5758976	33203731	33128650
1791192733.019669	3419	5758976	33210563	33128650
1791192733.025361	3432	5758976	33210563	33128650
1791192733.031253	3446	5758976	33217119	33128650
1791192733.036983	3458	5758976	33217119	33128650
1791192733.042962	3470	5758976	33223207	33128650
1791192733.049148	3484	5758976	33229657	33128650
1791192733.054848	3497	5758976	33229657	33128650
1791192733.060631	3509	5758976	33235645	33128650
1791192733.066305	3523	5758976	33235645	33128650
1791192733.072244	3538	5758976	33242769	33128650
1791192733.078195	3546	5758976	33242769	33128650
1791192733.084156	3560	5758976	33247897	33128650
1791192733.089867	3572	5758976	33254463	33128650
1791192733.095730	3585	5758976	33254463	33128650
1791192733.101604	3599	5758976	33261004	33128650
1791192733.107255	3612	5758976	33261004	33128650
1791192733.113038	3626	5758976	33267852	33128650
1791192733.118706	3640	5758976	33267852	33128650
1791192733.124681	3654	5758976	33274684	33128650
1791192733.130591	3667	5758976	33281516	33128650
1791192733.136509	3678	5758976	33281516	33128650
1791192733.142544	3686	5758976	33286378	33128650
1791192733.148592	3693	5758976	33286378	33128650
1791192733.154576	3703	5758976	33290078	33128650
1791192733.160383	3713	5758976	33295198	33128650
1791192733.166218	3724	5758976	33295198	33128650
1791192733.173009	3732	5758976	33300372	33128650
1791192733.179240	3744	5758976	33300372	33128650
1791192733.185338	3757	5758976	33304738	33128650
1791192733.191110	3771	5758976	33311294	33128650
1791192733.196775	3784	5758976	33311294	33128650
1791192733.202476	3797	5758976	33317834	33128650
1791192733.208322	3810	5758976	33317834	33128650
1791192733.214132	3823	5758976	33324400	33128650
1791192733.220157	3837	5758976	33324400	33128650
1791192733.225889	3850	5758976	33330956	33128650
1791192733.231775	3863	5758976	33337221	33128650
1791192733.237551	3874	5758976	33337221	33128650
1791192733.243283	3887	5758976	33343219	33128650
1791192733.249004	3900	5758976	33343219	33128650
1791192733.254642	3913	5758976	33349775	33128650
1791192733.260503	3928	5758976	33349775	33128650
1791192733.266222	3941	5758976	33356899	33128650
1791192733.272060	3954	5758976	33363163	33128650
1791192733.278054	3965	5758976	33363163	33128650
1791192733.283749	3979	5758976	33369427	33128650
1791192733.289381	3992	5758976	33369427	33128650
1791192733.295283	4005	5758976	33375983	33128650
1791192733.301367	4017	5758976	33375983	33128650
1791192733.307138	4030	5758976	33381971	33128650
1791192733.313062	4044	5758976	33388511	33128650
1791192733.318712	4056	5758976	33388511	33128650
1791192733.324435	4069	5758976	33394801	33128650
1791192733.330177	4083	5758976	33394801	33128650
1791192733.335949	4095	5758976	33401633	33128650
1791192733.341586	4108	5758976	33401633	33128650
1791192733.347447	4122	5758976	33407908	33128650
1791192733.353057	4137	5758976	33415324	33128650
1791192733.358884	4153	5758976	33415324	33128650
1791192733.364751	4169	5758976	33423016	33128650
1791192733.370599	4185	5758976	33423016	33128650
1791192733.376239	4200	5758976	33430984	33128650
1791192733.382112	4213	5758976	33430984	33128650
1791192733.388331	4224	5758976	33437832	33128650
1791192733.394602	4236	5758976	33442960	33128650
1791192733.400319	4248	5758976	33442960	33128650
1791192733.406442	4262	5758976	33448656	33128650
1791192733.412033	4275	5758976	33448656	33128650
1791192733.417823	4288	5758976	33455780	33128650
1791192733.423480	4300	5758976	33462102	33128650
1791192733.429474	4308	5758976	33462102	33128650
1791192733.435191	4319	5758976	33466724	33128650
1791192733.440870	4331	5758976	33466724	33128650
1791192733.446857	4343	5758976	33473008	33128650
1791192733.452629	4354	5758976	33473008	33128650
1791192733.458411	4368	5758976	33478429	33128650
1791192733.464349	4383	5758976	33485553	33128650
1791192733.470401	4394	5758976	33485553	33128650
1791192733.476068	4406	5758976	33490973	33128650
1791192733.481911	4419	5758976	33490973	33128650
1791192733.487847	4431	6128640	33497513	33128650
1791192733.493488	4444	6128640	33497513	33128650
1791192733.499416	4458	6128640	33503793	33498081
1791192733.505173	4468	6128640	33509489	33498081
1791192733.511084	4480	6128640	33509489	33498081
1791192733.516890	4493	6128640	33515753	33498081
1791192733.522517	4508	6128640	33515753	33498081
1791192733.528398	4516	6128640	33522585	33498081
1791192733.534275	4529	6128640	33527713	33498081
1791192733.540068	4541	6128640	33527713	33498081
1791192733.546061	4555	6128640	33534279	33498081
1791192733.552109	4568	6128640	33534279	33498081
1791192733.557931	4582	6128640	33540267	33498081
1791192733.564145	4592	6128640	33540267	33498081
1791192733.571124	4602	6128640	33545973	33498081
1791192733.576957	4613	6128640	33550534	33498081
1791192733.582653	4631	6128640	33550534	33498081
1791192733.588392	4642	6128640	33558226	33498081
1791192733.593971	4658	6128640	33558226	33498081
1791192733.600400	4671	6128640	33565350	33498081
1791192733.606156	4682	6128640	33570754	33498081
1791192733.612084	4693	6128640	33570754	33498081
1791192733.618014	4703	6128640	33576174	33498081
1791192733.625678	4713	6128640	33580166	33498081
1791192733.631684	4723	6128640	33580166	33498081
1791192733.637671	4731	6128640	33584434	33498081
1791192733.643713	4742	6128640	33584434	33498081
1791192733.649625	4752	6128640	33589296	33498081
1791192733.655662	4762	6128640	33589296	33498081
1791192733.661923	4769	6128640	33594424	33498081
1791192733.667683	4777	6128640	33597832	33498081
1791192733.673330	4786	6128640	33597832	33498081
1791192733.679373	4797	6128640	33602482	33498081
1791192733.685395	4808	6128640	33602482	33498081
1791192733.691181	4818	6128640	33607520	33498081
1791192733.697189	4830	6128640	33612940	33498081
1791192733.702780	4843	6128640	33612940	33498081
1791192733.708606	4857	6128640	33619782	33498081
1791192733.714383	4871	6128640	33619782	33498081
1791192733.720347	4880	6128640	33626907	33498081
1791192733.726008	4888	6128640	33626907	33498081
1791192733.731757	4904	6128640	33630743	33498081
1791192733.737771	4918	6128640	33638143	33498081
1791192733.743726	4934	6128640	33638143	33498081
1791192733.749600	4946	6128640	33645277	33498081
1791192733.755634	4959	6128640	33645277	33498081
1791192733.761371	4972	6128640	33651265	33498081
1791192733.767138	4978	6128640	33656101	33498081
1791192733.773137	4992	6128640	33656101	33498081
1791192733.779002	5008	6128640	33662933	33498081
1791192733.784944	5022	6128640	33662933	33498081
1791192733.790655	5038	6128640	33670057	33498081
1791192733.796343	5052	6128640	33670057	33498081
1791192733.802384	5068	6128640	33677749	33498081
1791192733.808309	5083	6128640	33685441	33498081
1791192733.813995	5099	6128640	33685441	33498081
1791192733.819795	5114	6128640	33693143	33498081
1791192733.825517	5127	6128640	33693143	33498081
1791192733.831788	5142	6128640	33699992	33498081
1791192733.837502	5154	6128640	33699992	33498081
1791192733.843127	5168	6128640	33706256	33498081
1791192733.849209	5180	6128640	33712822	33498081
1791192733.854952	5195	6128640	33712822	33498081
1791192733.860757	5210	6128640	33720222	33498081
1791192733.866636	5225	6128640	33720222	33498081
1791192733.872621	5238	6359552	33727346	33498081
1791192733.878661	5252	6359552	33733902	33498081
1791192733.884433	5261	6359552	33733902	33728482
1791192733.890131	5274	6359552	33739030	33728482
1791192733.896184	5286	6359552	33739030	33728482
1791192733.901860	5299	6359552	33745018	33728482
1791192733.907565	5313	6359552	33745018	33728482
1791192733.913796	5327	6359552	33751850	33728482
1791192733.919660	5340	6359552	33758406	33728482
1791192733.925319	5355	6359552	33758406	33728482
1791192733.931138	5368	6359552	33765816	33728482
1791192733.938074	5376	6359552	33765816	33728482
1791192733.943951	5383	6359552	33769811	33728482
1791192733.950169	5390	6359552	33772951	33728482
1791192733.955909	5402	6359552	33772951	33728482
1791192733.961700	5414	6359552	33779507	33728482
1791192733.967546	5428	6359552	33779507	33728482
1791192733.973235	5443	6359552	33785771	33728482
1791192733.980242	5454	6359552	33785771	33728482
1791192733.986128	5468	6359552	33791560	33728482
1791192733.992138	5482	6359552	33798435	33728482
1791192733.998000	5497	6359552	33798435	33728482
1791192734.003620	5512	6359552	33805267	33728482
1791192734.009473	5522	6359552	33805267	33728482
1791192734.015445	5535	6359552	33811547	33728482
1791192734.021126	5550	6359552	33818379	33728482
1791192734.026725	5565	6359552	33818379	33728482
1791192734.032528	5580	6359552	33826071	33728482
1791192734.038362	5596	6359552	33826071	33728482
1791192734.044065	5608	6359552	33833507	33728482
1791192734.049772	5622	6359552	33833507	33728482
1791192734.055371	5637	6359552	33840047	33728482
1791192734.061016	5650	6359552	33847464	33728482
1791192734.066607	5665	6359552	33847464	33728482
1791192734.072275	5677	6359552	33854588	33728482
1791192734.078042	5693	6359552	33854588	33728482
1791192734.083802	5708	6359552	33861988	33728482
1791192734.089603	5723	6359552	33861988	33728482
1791192734.095242	5739	6359552	33869404	33728482
1791192734.100849	5754	6359552	33869404	33728482
1791192734.106468	5768	6359552	33877372	33728482
1791192734.112080	5784	6359552	33885356	33728482
1791192734.117859	5800	6359552	33885356	33728482
1791192734.123428	5816	6359552	33893048	33728482
1791192734.129154	5832	6359552	33893048	33728482
1791192734.135000	5846	6359552	33901308	33728482
1791192734.140691	5857	6359552	33901308	33728482
1791192734.146496	5867	6359552	33907024	33728482
1791192734.152473	5882	6359552	33913012	33728482
1791192734.158088	5896	6359552	33913012	33728482
1791192734.163673	5910	6359552	33920413	33728482
1791192734.169248	5925	6359552	33920413	33728482
1791192734.174877	5939	6359552	33928105	33728482
1791192734.180497	5952	6359552	33928105	33728482
1791192734.186118	5966	6359552	33934661	33728482
1791192734.191961	5981	6359552	33934661	33728482
1791192734.197520	5996	6359552	33942077	33728482
1791192734.203451	6010	6359552	33949201	33728482
1791192734.209020	6026	6359552	33949201	33728482
1791192734.224894	6028	6359552	33955250	33728482
1791192734.230615	6043	6359552	33955250	33728482
1791192734.236293	6054	6359552	33961281	33728482
1791192734.241845	6071	6359552	33961281	33728482
1791192734.247379	6086	6359552	33968123	33728482
1791192734.252982	6101	6359552	33976107	33728482
1791192734.258712	6118	6359552	33976107	33728482
1791192734.264387	6135	6359552	33984669	33728482
1791192734.269984	6152	6359552	33984669	33728482
1791192734.275598	6168	6359552	33992930	33728482
1791192734.281076	6184	6359552	33992930	33728482
1791192734.286699	6199	6359552	34001190	33728482
1791192734.292302	6211	6359552	34001190	33728482
1791192734.298132	6225	6359552	34008314	33728482
1791192734.303823	6242	6359552	34016006	33728482
1791192734.309314	6257	6359552	34016006	33728482
1791192734.314993	6274	6359552	34023990	33728482
1791192734.320484	6290	6359552	34023990	33728482
1791192734.326211	6306	6359552	34032526	33728482
1791192734.331725	6322	6359552	34032526	33728482
1791192734.337428	6338	6359552	34040510	33728482
1791192734.343040	6355	6359552	34040510	33728482
1791192734.348518	6371	6359552	34049765	33728482
1791192734.354172	6387	6359552	34058327	33728482
1791192734.359708	6403	6359552	34058327	33728482
1791192734.365345	6416	6359552	34065728	33728482
1791192734.371240	6431	6359552	34065728	33728482
1791192734.377156	6447	6359552	34073144	33728482
1791192734.383565	6457	6359552	34073144	33728482
1791192734.389296	6468	6359552	34078548	33728482
1791192734.395090	6483	6359552	34085104	33728482
1791192734.401009	6495	6359552	34085104	33728482
1791192734.406832	6508	6359552	34091092	33728482
1791192734.412658	6525	6359552	34091092	33728482
1791192734.418421	6538	6359552	34098784	33728482
1791192734.424410	6552	6359552	34098784	33728482
1791192734.430562	6565	6359552	34105616	33728482
1791192734.436197	6580	6359552	34112448	33728482
1791192734.441804	6596	6359552	34112448	33728482
1791192734.447428	6603	6359552	34119659	33728482
1791192734.453091	6617	6359552	34119659	33728482
1791192734.458620	6633	6359552	34125700	33728482
1791192734.464128	6650	6359552	34125700	33728482
1791192734.470066	6657	6359552	34133960	33728482
1791192734.475985	6673	6359552	34139373	33728482
1791192734.481674	6685	6359552	34139373	33728482
1791192734.487463	6698	6777856	34145937	33728482
1791192734.493092	6713	6777856	34145937	33728482
1791192734.499013	6728	6777856	34153337	34145937
1791192734.504673	6742	6777856	34153337	34145937
1791192734.510279	6758	6777856	34159893	34145937
1791192734.515864	6773	6777856	34168445	34145937
1791192734.521671	6789	6777856	34168445	34145937
1791192734.527636	6805	6777856	34176137	34145937
1791192734.533486	6817	6777856	34176137	34145937
1791192734.539123	6831	6777856	34182401	34145937
1791192734.544745	6845	6777856	34182401	34145937
1791192734.550405	6858	6777856	34189811	34145937
1791192734.556198	6871	6777856	34196659	34145937
1791192734.562303	6889	6777856	34196659	34145937
1791192734.567983	6903	6777856	34204361	34145937
1791192734.573633	6918	6777856	34204361	34145937
1791192734.579650	6933	6777856	34211576	34145937
1791192734.586012	6945	6777856	34211576	34145937
1791192734.591684	6959	6777856	34217750	34145937
1791192734.597722	6972	6777856	34224874	34145937
1791192734.603651	6984	6777856	34224874	34145937
1791192734.609312	6997	6777856	34230660	34145937
1791192734.615040	7012	6777856	34230660	34145937
1791192734.620835	7024	6777856	34237986	34145937
1791192734.626607	7038	6777856	34237986	34145937
1791192734.632344	7051	6777856	34244250	34145937
1791192734.638122	7064	6777856	34251082	34145937
1791192734.643923	7078	6777856	34251082	34145937
1791192734.649852	7091	6777856	34257648	34145937
1791192734.655639	7105	6777856	34257648	34145937
1791192734.661935	7115	6777856	34263912	34145937
1791192734.667972	7125	6777856	34268756	34145937
1791192734.673786	7135	6777856	34268756	34145937
1791192734.679650	7146	6777856	34273610	34145937
1791192734.685651	7157	6777856	34273610	34145937
1791192734.691399	7169	6777856	34279030	34145937
1791192734.697225	7176	6777856	34279030	34145937
1791192734.702945	7187	6777856	34283711	34145937
1791192734.709062	7200	6777856	34289975	34145937
1791192734.715013	7209	6777856	34289975	34145937
1791192734.720696	7221	6777856	34294535	34145937
1791192734.726331	7233	6777856	34294535	34145937
1791192734.731961	7246	6777856	34301091	34145937
1791192734.737664	7251	6777856	34301091	34145937
1791192734.743530	7265	6777856	34305083	34145937
1791192734.749405	7276	6777856	34311633	34145937
1791192734.755457	7291	6777856	34311633	34145937
1791192734.761183	7306	6777856	34318189	34145937
1791192734.767077	7320	6777856	34318189	34145937
1791192734.772800	7334	6777856	34325605	34145937
1791192734.778491	7347	6777856	34325605	34145937
1791192734.784369	7363	6777856	34332437	34145937
1791192734.790028	7379	6777856	34340129	34145937
1791192734.796165	7394	6777856	34340129	34145937
1791192734.802208	7409	6777856	34347555	34145937
1791192734.807918	7423	6777856	34347555	34145937
1791192734.813559	7437	6777856	34354664	34145937
1791192734.819428	7449	6777856	34361220	34145937
1791192734.825494	7462	6777856	34361220	34145937
1791192734.831182	7475	6777856	34367500	34145937
1791192734.837168	7488	6777856	34367500	34145937
1791192734.843010	7498	6777856	34373764	34145937
1791192734.848993	7509	6777856	34373764	34145937
1791192734.854731	7523	6777856	34378610	34145937
1791192734.860628	7534	6777856	34385166	34145937
1791192734.866606	7544	6777856	34385166	34145937
1791192734.872229	7557	6777856	34390294	34145937
1791192734.878130	7570	7024640	34390294	34145937
1791192734.883888	7586	7024640	34396850	34392566
1791192734.889635	7601	7024640	34396850	34392566
1791192734.895384	7615	7024640	34404542	34392566
1791192734.901103	7628	7024640	34411374	34392566
1791192734.906959	7642	7024640	34411374	34392566
1791192734.912607	7657	7024640	34418508	34392566
1791192734.918264	7671	7024640	34418508	34392566
1791192734.923931	7684	7024640	34425924	34392566
1791192734.929765	7699	7024640	34425924	34392566
1791192734.935748	7714	7024640	34432757	34392566
1791192734.941712	7726	7024640	34439599	34392566
1791192734.947443	7738	7024640	34439599	34392566
1791192734.955518	7750	7024640	34445871	34392566
1791192734.961633	7762	7024640	34450267	34392566
1791192734.967328	7777	7024640	34450267	34392566
1791192734.973082	7787	7024640	34456823	34392566
1791192734.979091	7798	7024640	34456823	34392566
1791192734.984756	7813	7024640	34462243	34392566
1791192734.990537	7821	7024640	34462243	34392566
1791192734.996223	7833	7024640	34467647	34392566
1791192735.002083	7848	7024640	34474479	34392566
1791192735.007969	7862	7024640	34474479	34392566
1791192735.013718	7877	7024640	34481603	34392566
1791192735.019403	7890	7024640	34481603	34392566
1791192735.025200	7904	7024640	34488159	34392566
1791192735.030827	7919	7024640	34488159	34392566
1791192735.036521	7932	7024640	34495585	34392566
1791192735.042188	7946	7024640	34502720	34392566
1791192735.047882	7961	7024640	34502720	34392566
1791192735.053510	7974	7024640	34509552	34392566
1791192735.059349	7989	7024640	34509552	34392566
1791192735.065054	8002	7024640	34516676	34392566
1791192735.070741	8013	7024640	34516676	34392566
1791192735.076399	8024	7024640	34522940	34392566
1791192735.082137	8037	7024640	34528928	34392566
1791192735.088089	8050	7024640	34528928	34392566
1791192735.094168	8059	7024640	34534332	34392566
1791192735.099841	8072	7024640	34534332	34392566
1791192735.105773	8083	7024640	34540320	34392566
1791192735.111694	8097	7024640	34540320	34392566
1791192735.117510	8109	7024640	34546308	34392566
1791192735.123217	8123	7024640	34552864	34392566
1791192735.128973	8137	7024640	34552864	34392566
1791192735.135029	8147	7024640	34559404	34392566
1791192735.140808	8155	7024640	34559404	34392566
1791192735.146763	8166	7024640	34563708	34392566
1791192735.152738	8179	7024640	34569680	34392566
1791192735.158891	8194	7024640	34569680	34392566
1791192735.164626	8204	7024640	34575393	34392566
1791192735.170492	8218	7024640	34575393	34392566
1791192735.176393	8231	7024640	34582501	34392566
1791192735.182374	8242	7024640	34582501	34392566
1791192735.188055	8256	7024640	34587921	34392566
1791192735.193805	8270	7024640	34595045	34392566
1791192735.199506	8281	7024640	34595045	34392566
1791192735.205261	8295	7024640	34601033	34392566
1791192735.211129	8309	7024640	34601033	34392566
1791192735.219585	8324	7024640	34608149	34392566
1791192735.225377	8337	7024640	34613405	34392566
1791192735.231123	8351	7024640	34613405	34392566
1791192735.237015	8364	7024640	34620237	34392566
1791192735.242757	8378	7024640	34620237	34392566
1791192735.248732	8389	7024640	34626803	34392566
1791192735.254754	8403	7024640	34632589	34392566
1791192735.260680	8418	7024640	34632589	34392566
1791192735.266598	8430	7024640	34639633	34392566
1791192735.272491	8443	7024640	34639633	34392566
1791192735.278242	8457	7024640	34645621	34392566
1791192735.283918	8469	7024640	34645621	34392566
1791192735.289689	8482	7024640	34652454	34392566
1791192735.295695	8490	7024640	34657582	34392566
1791192735.301350	8504	7024640	34657582	34392566
1791192735.307230	8518	7024640	34664138	34392566
1791192735.312994	8531	7024640	34664138	34392566
1791192735.318934	8547	7024640	34670970	34392566
1791192735.324641	8561	7024640	34678386	34392566
1791192735.330471	8575	7024640	34678386	34392566
1791192735.336346	8589	7024640	34685218	34392566
1791192735.342397	8602	7024640	34685218	34392566
1791192735.348181	8617	7024640	34692052	34392566
1791192735.353863	8630	7024640	34692052	34392566
1791192735.359526	8645	7024640	34698908	34392566
1791192735.365588	8659	7024640	34706032	34392566
1791192735.371352	8671	7024640	34706032	34392566
1791192735.377265	8684	7024640	34712014	34392566
1791192735.382973	8697	7024640	34712014	34392566
1791192735.388655	8710	7024640	34718862	34392566
1791192735.394502	8724	7024640	34718862	34392566
1791192735.400226	8737	7024640	34725419	34392566
1791192735.406376	8748	7024640	34731391	34392566
1791192735.412124	8761	7024640	34731391	34392566
1791192735.417943	8774	7024640	34737655	34392566
1791192735.423748	8786	7024640	34737655	34392566
1791192735.429569	8800	7024640	34743935	34392566
1791192735.435471	8813	7024640	34743935	34392566
1791192735.441578	8828	7024640	34750491	34392566
1791192735.447688	8841	7024640	34757333	34392566
1791192735.453530	8852	7024640	34757333	34392566
1791192735.459425	8868	7024640	34763321	34392566
1791192735.465355	8882	7024640	34763321	34392566
1791192735.471394	8893	7024640	34770445	34392566
1791192735.477152	8898	7024640	34774498	34392566
1791192735.483021	8913	7024640	34774498	34392566
1791192735.488647	8926	7413248	34780821	34392566
1791192735.494575	8939	7413248	34780821	34392566
1791192735.500421	8953	7413248	34787663	34780253
1791192735.506185	8967	7413248	34787663	34780253
1791192735.512072	8981	7413248	34794512	34780253
1791192735.518214	8992	7413248	34800866	34780253
1791192735.524338	9002	7413248	34800866	34780253
1791192735.530375	9016	7413248	34805612	34780253
1791192735.536097	9030	7413248	34805612	34780253
1791192735.541818	9042	7413248	34812736	34780253
1791192735.547869	9054	7413248	34818734	34780253
1791192735.553991	9068	7413248	34818734	34780253
1791192735.559830	9082	7413248	34825290	34780253
1791192735.565630	9097	7413248	34825290	34780253
1791192735.571509	9110	7413248	34832406	34780253
1791192735.577372	9123	7413248	34838946	34780253
1791192735.583128	9133	7413248	34838946	34780253
1791192735.589222	9143	7413248	34843238	34780253
1791192735.595168	9157	7413248	34843238	34780253
1791192735.601044	9168	7413248	34849778	34780253
1791192735.606787	9181	7413248	34849778	34780253
1791192735.612522	9193	7413248	34855776	34780253
1791192735.618185	9207	7413248	34862332	34780253
1791192735.623910	9219	7413248	34862332	34780253
1791192735.629649	9232	7413248	34868597	34780253
