1791192750.651731	3442	577626	623194	326566
1791192750.657826	3452	579027	624595	326566
1791192750.663940	3461	580288	625856	326566
1791192750.670712	3470	581524	627092	326566
1791192750.677269	3480	582894	628462	326566
1791192750.683814	3489	584127	629695	326566
1791192750.689790	3500	585634	631202	326566
1791192750.695763	3509	586867	632435	326566
1791192750.702478	3518	588100	633668	326566
1791192750.708698	3527	589369	634937	326566
1791192750.714842	3537	590779	636347	326566
1791192750.721146	3546	592048	637616	326566
1791192750.727621	3554	600147	654968	326566
1791192750.733791	3562	648388	693956	638603
1791192750.740472	3572	650838	696406	638603
1791192750.746878	3582	653177	698745	638603
1791192750.753308	3590	655138	700706	638603
1791192750.759790	3599	657343	702911	638603
1791192750.765780	3609	659838	705406	638603
1791192750.772308	3619	662549	708117	638603
1791192750.778920	3629	665089	710657	638603
1791192750.784964	3637	667121	712689	638603
1791192750.790892	3646	669407	714975	638603
1791192750.797423	3655	671693	717261	638603
1791192750.803372	3666	674487	720055	638603
1791192750.809233	3675	676773	722341	638603
1791192750.815171	3686	679421	724989	638603
1791192750.821084	3697	680895	726463	638603
1791192750.827058	3709	682508	728076	638603
1791192750.833202	3720	683982	729550	638603
1791192750.841853	3732	685662	731230	638603
1791192750.847822	3742	687006	732574	638603
1791192750.853849	3752	688382	733950	638603
1791192750.859828	3765	690176	735744	638603
1791192750.865732	3777	691832	737400	638603
1791192750.871655	3792	693902	739470	638603
1791192750.878063	3807	695972	741540	638603
1791192750.884431	3820	697758	743326	638603
1791192750.890417	3835	699813	745381	638603
1791192750.896839	3847	701458	747026	638603
1791192750.902646	3861	703376	748944	638603
1791192750.908424	3876	705459	751027	638603
1791192750.914298	3892	707715	753283	638603
1791192750.920644	3907	709830	755398	638603
1791192750.926970	3922	711945	757513	638603
1791192750.932965	3939	714342	759910	638603
1791192750.938743	3954	716387	761955	638603
1791192750.944672	3967	718156	763724	638603
1791192750.950996	3981	720060	765628	638603
1791192750.957346	3996	722104	767672	638603
1791192750.963689	4011	724196	769764	638603
1791192750.969965	4022	725736	771304	638603
1791192750.975811	4037	727836	773404	638603
1791192750.982377	4051	729796	775364	638603
1791192750.988280	4064	731616	777184	638603
1791192750.994072	4078	733546	779114	638603
1791192750.999903	4090	735190	780758	638603
1791192751.006304	4106	737383	782951	638603
1791192751.012046	4121	739438	785006	638603
1791192751.017934	4135	741396	786964	638603
1791192751.024228	4151	743652	789220	638603
1791192751.029970	4167	745908	791476	638603
1791192751.036155	4184	748305	793873	638603
1791192751.042468	4200	750545	796113	638603
1791192751.048823	4216	752737	798305	638603
1791192751.055073	4231	754792	800360	638603
1791192751.060748	4247	756984	802552	638603
1791192751.066436	4263	759216	804784	638603
1791192751.072128	4280	761613	807181	638603
1791192751.077787	4297	764010	809578	638603
1791192751.092954	4306	765351	810919	638603
1791192751.099007	4323	767744	813312	638603
1791192751.104723	4339	769940	815508	638603
1791192751.110523	4356	772269	817837	638603
1791192751.116629	4373	774598	820166	638603
1791192751.122304	4391	777104	822672	638603
1791192751.128052	4408	779501	825069	638603
1791192751.133694	4425	781898	827466	638603
1791192751.139415	4439	783872	829440	638603
1791192751.145327	4451	785564	831132	638603
1791192751.151151	4461	786929	832497	638603
1791192751.157160	4478	789243	834811	638603
1791192751.163375	4493	791283	836851	638603
1791192751.169096	4508	793327	838895	638603
1791192751.175352	4524	795559	841127	638603
1791192751.181066	4542	798079	843647	638603
1791192751.186814	4558	800319	845887	638603
1791192751.192486	4574	802559	848127	638603
1791192751.198216	4590	804769	850337	638603
1791192751.204132	4606	806960	852528	638603
1791192751.209834	4621	809016	854584	638603
1791192751.215602	4636	811075	856643	638603
1791192751.221762	4653	813464	859032	638603
1791192751.227465	4670	815861	861429	638603
1791192751.233217	4687	818258	863826	638603
1791192751.239213	4704	820655	866223	638603
1791192751.245511	4719	822726	868294	638603
1791192751.251413	4731	824370	869938	638603
1791192751.257108	4743	826014	871582	638603
1791192751.262952	4756	827795	873363	638603
1791192751.268700	4771	829874	875442	638603
1791192751.274410	4789	832412	877980	638603
1791192751.280188	4806	834809	880377	638603
1791192751.285930	4824	837347	882915	638603
1791192751.291713	4839	839450	885018	638603
1791192751.297470	4855	841642	887210	638603
1791192751.303682	4872	843972	889540	638603
1791192751.309882	4882	845412	890980	638603
1791192751.315839	4895	847199	892767	638603
1791192751.322092	4911	849455	895023	638603
1791192751.328239	4928	851852	897420	638603
1791192751.333970	4944	854108	899676	638603
1791192751.339749	4962	856646	902214	638603
1791192751.345494	4979	858983	904551	638603
1791192751.351260	4996	861311	906879	638603
1791192751.357422	5013	863640	909208	638603
1791192751.363198	5031	866146	911714	638603
1791192751.369372	5048	868543	914111	638603
1791192751.375021	5065	870940	916508	638603
1791192751.380834	5081	873196	918764	638603
1791192751.387089	5098	875563	921131	638603
1791192751.392950	5116	878012	923580	638603
1791192751.398638	5132	880190	925758	638603
1791192751.404363	5146	882094	927662	638603
1791192751.410229	5163	884462	930030	638603
1791192751.415953	5178	886562	932130	638603
1791192751.421718	5196	889082	934650	638603
1791192751.427957	5214	891602	937170	638603
1791192751.434189	5233	894223	939791	638603
1791192751.440671	5250	896551	942119	638603
1791192751.446422	5268	899017	944585	638603
1791192751.452106	5285	901378	946946	638603
1791192751.457938	5304	904057	949625	638603
1791192751.463749	5323	906736	952304	638603
1791192751.469418	5341	909274	954842	638603
1791192751.475128	5360	911905	957473	638603
1791192751.480777	5378	914372	959940	638603
1791192751.486412	5396	916838	962406	638603
1791192751.492051	5414	919340	964908	638603
1791192751.497807	5432	921878	967446	638603
1791192751.503959	5449	924275	969843	638603
1791192751.509597	5460	925894	971462	638603
1791192751.515432	5476	928150	973718	638603
1791192751.521631	5493	930479	976047	638603
1791192751.527478	5507	932396	977964	638603
1791192751.533741	5523	934588	980156	638603
1791192751.540010	5537	936522	982090	638603
1791192751.545848	5552	938637	984205	638603
1791192751.551849	5569	941034	986602	638603
1791192751.557554	5587	943572	989140	638603
1791192751.563248	5605	946106	991674	638603
1791192751.569423	5624	948709	994277	638603
1791192751.575154	5641	951039	996607	638603
1791192751.580743	5658	953368	998936	638603
1791192751.586616	5676	955894	1001462	638603
1791192751.592359	5693	958291	1003859	638603
1791192751.598072	5711	960829	1006397	638603
1791192751.603699	5729	963367	1008935	638603
1791192751.609355	5748	965966	1011534	638603
1791192751.615072	5767	968552	1014120	638603
1791192751.621177	5785	971000	1016568	638603
1791192751.626795	5802	973364	1018932	638603
1791192751.632483	5818	975604	1021172	638603
1791192751.638276	5834	977844	1023412	638603
1791192751.644039	5849	979944	1025512	638603
1791192751.650295	5867	982443	1028011	638603
1791192751.656017	5884	984771	1030339	638603
1791192751.661697	5896	986416	1031984	638603
1791192751.667574	5907	987923	1033491	638603
1791192751.673276	5920	989716	1035284	638603
1791192751.679016	5933	991549	1037117	638603
1791192751.685168	5947	993523	1039091	638603
1791192751.690997	5964	995920	1041488	638603
1791192751.696921	5981	998317	1043885	638603
1791192751.702705	5999	1000811	1046379	638603
1791192751.708387	6016	1003140	1048708	638603
1791192751.714091	6028	1004856	1050424	638603
1791192751.719746	6045	1007185	1052753	638603
1791192751.725422	6061	1009437	1055005	638603
1791192751.731128	6074	1011270	1056838	638603
1791192751.737337	6086	1087945	1133513	638603
1791192751.743406	6097	1090640	1136208	1057120
1791192751.749130	6113	1094560	1140128	1057120
1791192751.754830	6126	1097745	1143313	1057120
1791192751.760588	6142	1101808	1147376	1057120
1791192751.766893	6159	1106166	1151734	1057120
1791192751.772853	6175	1110230	1155798	1057120
1791192751.778462	6192	1114548	1160116	1057120
1791192751.784091	6209	1118961	1164529	1057120
1791192751.789888	6226	1121239	1166807	1057120
1791192751.795525	6243	1123517	1169085	1057120
1791192751.801188	6261	1125929	1171497	1057120
1791192751.806816	6279	1128416	1173984	1057120
1791192751.812459	6297	1130918	1176486	1057120
1791192751.818118	6314	1133281	1178849	1057120
1791192751.823668	6331	1135644	1181212	1057120
1791192751.829412	6349	1138122	1183690	1057120
1791192751.835237	6367	1140588	1186156	1057120
1791192751.841073	6383	1142780	1188348	1057120
1791192751.846795	6401	1145287	1190855	1057120
1791192751.852736	6417	1147559	1193127	1057120
1791192751.858421	6433	1149831	1195399	1057120
1791192751.864220	6448	1151961	1197529	1057120
1791192751.869988	6461	1153807	1199375	1057120
1791192751.876349	6471	1155191	1200759	1057120
1791192751.882678	6484	1156959	1202527	1057120
1791192751.889047	6497	1158727	1204295	1057120
1791192751.895520	6508	1160223	1205791	1057120
1791192751.901323	6521	1161996	1207564	1057120
1791192751.907327	6535	1163966	1209534	1057120
1791192751.913055	6547	1165658	1211226	1057120
1791192751.918948	6561	1167632	1213200	1057120
1791192751.924950	6574	1169465	1215033	1057120
1791192751.930813	6587	1171298	1216866	1057120
1791192751.937022	6601	1173240	1218808	1057120
1791192751.943707	6604	1173722	1219290	1057120
1791192751.949902	6615	1175227	1220795	1057120
1791192751.955735	6628	1177008	1222576	1057120
1791192751.961626	6640	1178652	1224220	1057120
1791192751.967862	6653	1180453	1226021	1057120
1791192751.973813	6664	1182016	1227584	1057120
1791192751.980145	6671	1183010	1228578	1057120
1791192751.986466	6683	1184714	1230282	1057120
1791192751.992456	6694	1186276	1231844	1057120
1791192751.999667	6705	1187838	1233406	1057120
1791192752.005392	6717	1189542	1235110	1057120
1791192752.011223	6730	1191343	1236911	1057120
1791192752.017292	6742	1192987	1238555	1057120
1791192752.023317	6753	1194494	1240062	1057120
1791192752.029681	6767	1196412	1241980	1057120
1791192752.035876	6784	1198776	1244344	1057120
1791192752.041661	6798	1200764	1246332	1057120
1791192752.047554	6813	1202894	1248462	1057120
1791192752.053257	6829	1205166	1250734	1057120
1791192752.058967	6846	1207580	1253148	1057120
1791192752.064661	6862	1209787	1255355	1057120
1791192752.070417	6878	1211979	1257547	1057120
1791192752.076264	6893	1214034	1259602	1057120
1791192752.082436	6909	1216245	1261813	1057120
1791192752.088266	6923	1218234	1263802	1057120
1791192752.094676	6937	1220222	1265790	1057120
1791192752.101014	6949	1221926	1267494	1057120
1791192752.106713	6965	1224198	1269766	1057120
1791192752.112478	6982	1226582	1272150	1057120
1791192752.118497	6993	1228078	1273646	1057120
1791192752.124261	7010	1230390	1275958	1057120
1791192752.130032	7023	1232158	1277726	1057120
1791192752.136383	7037	1234084	1279652	1057120
1791192752.142832	7045	1235212	1280780	1057120
1791192752.148654	7055	1236622	1282190	1057120
1791192752.154938	7066	1238173	1283741	1057120
1791192752.160750	7077	1239724	1285292	1057120
1791192752.166680	7087	1241134	1286702	1057120
1791192752.172573	7101	1243108	1288676	1057120
1791192752.178362	7114	1244905	1290473	1057120
1791192752.184248	7125	1246412	1291980	1057120
1791192752.190497	7139	1248330	1293898	1057120
1791192752.197311	7151	1249974	1295542	1057120
1791192752.203195	7163	1251628	1297196	1057120
1791192752.212479	7176	1253547	1299115	1057120
1791192752.218753	7190	1255531	1301099	1057120
1791192752.224565	7207	1257945	1303513	1057120
1791192752.230541	7222	1260075	1305643	1057120
1791192752.236326	7237	1262185	1307753	1057120
1791192752.242474	7252	1264240	1309808	1057120
1791192752.248750	7267	1266295	1311863	1057120
1791192752.254635	7283	1268487	1314055	1057120
1791192752.260840	7299	1270729	1316297	1057120
1791192752.266533	7315	1273001	1318569	1057120
1791192752.272229	7329	1274989	1320557	1057120
1791192752.278044	7344	1277119	1322687	1057120
1791192752.284302	7360	1279391	1324959	1057120
1791192752.290463	7376	1281588	1327156	1057120
1791192752.296906	7390	1283506	1329074	1057120
1791192752.302648	7406	1285698	1331266	1057120
1791192752.308532	7423	1288057	1333625	1057120
1791192752.314380	7438	1290188	1335756	1057120
1791192752.320102	7453	1292318	1337886	1057120
1791192752.325795	7468	1294448	1340016	1057120
1791192752.331482	7484	1296720	1342288	1057120
1791192752.337186	7501	1299074	1344642	1057120
1791192752.342932	7516	1301129	1346697	1057120
1791192752.348645	7532	1303321	1348889	1057120
1791192752.354365	7547	1305386	1350954	1057120
1791192752.360026	7564	1307799	1353367	1057120
1791192752.365734	7581	1310213	1355781	1057120
1791192752.371392	7597	1312485	1358053	1057120
1791192752.377127	7614	1314899	1360467	1057120
1791192752.382848	7630	1317093	1362661	1057120
1791192752.389020	7646	1319269	1364837	1057120
1791192752.394771	7662	1321445	1367013	1057120
1791192752.400935	7678	1323648	1369216	1057120
1791192752.406613	7696	1326187	1371755	1057120
1791192752.412322	7713	1328584	1374152	1057120
1791192752.418385	7730	1330981	1376549	1057120
1791192752.424089	7748	1333507	1379075	1057120
1791192752.435840	7750	1333854	1379422	1057120
1791192752.442595	7762	1335494	1381062	1057120
1791192752.449045	7773	1337001	1382569	1057120
1791192752.455303	7790	1339330	1384898	1057120
1791192752.461233	7801	1340842	1386410	1057120
1791192752.466904	7817	1343108	1388676	1057120
1791192752.472703	7833	1345380	1390948	1057120
1791192752.479627	7847	1347368	1392936	1057120
1791192752.485383	7858	1348930	1394498	1057120
1791192752.491273	7874	1351197	1396765	1057120
1791192752.497807	7887	1352978	1398546	1057120
1791192752.503989	7900	1354759	1400327	1057120
1791192752.510077	7917	1357088	1402656	1057120
1791192752.515918	7929	1358737	1404305	1057120
1791192752.521811	7943	1360721	1406289	1057120
1791192752.527587	7957	1362709	1408277	1057120
1791192752.533572	7967	1364129	1409697	1057120
1791192752.539928	7980	1365975	1411543	1057120
1791192752.545696	7993	1367821	1413389	1057120
1791192752.551595	8005	1369505	1415073	1057120
1791192752.557411	8020	1371560	1417128	1057120
1791192752.563387	8036	1373752	1419320	1057120
1791192752.569582	8047	1375259	1420827	1057120
1791192752.575349	8064	1377622	1423190	1057120
1791192752.581074	8078	1379610	1425178	1057120
1791192752.586809	8095	1382024	1427592	1057120
1791192752.592497	8109	1384012	1429580	1057120
1791192752.598216	8125	1386284	1431852	1057120
1791192752.603945	8141	1388496	1434064	1057120
1791192752.610224	8155	1390414	1435982	1057120
1791192752.615917	8171	1392606	1438174	1057120
1791192752.621585	8187	1394808	1440376	1057120
1791192752.627249	8205	1397365	1442933	1057120
1791192752.633037	8222	1399779	1445347	1057120
1791192752.638731	8236	1401767	1447335	1057120
1791192752.644533	8251	1403897	1449465	1057120
1791192752.650317	8266	1405973	1451541	1057120
1791192752.656112	8278	1407605	1453173	1057120
1791192752.661994	8292	1409509	1455077	1057120
1791192752.668355	8302	1410869	1456437	1057120
1791192752.674438	8312	1412234	1457802	1057120
1791192752.680292	8322	1413636	1459204	1057120
1791192752.686332	8330	1414833	1460401	1057120
1791192752.692080	8346	1417089	1462657	1057120
1791192752.698333	8363	1419486	1465054	1057120
1791192752.704053	8380	1421883	1467451	1057120
1791192752.710236	8399	1424506	1470074	1057120
1791192752.715989	8416	1426835	1472403	1057120
1791192752.721764	8434	1429301	1474869	1057120
1791192752.727922	8450	1431538	1477106	1057120
1791192752.733552	8467	1433952	1479520	1057120
1791192752.739307	8484	1436366	1481934	1057120
1791192752.745449	8497	1507111	1555131	1057120
1791192752.751271	8510	1512645	1558213	1483354
1791192752.756983	8527	1516810	1562378	1483354
1791192752.763183	8542	1520485	1566053	1483354
1791192752.769059	8551	1522735	1568303	1483354
1791192752.775703	8563	1525864	1571432	1483354
1791192752.782020	8575	1528729	1574297	1483354
1791192752.788398	8587	1531705	1577273	1483354
1791192752.794219	8598	1534427	1579995	1483354
1791192752.800121	8607	1536660	1582228	1483354
1791192752.806413	8621	1540188	1585756	1483354
1791192752.812153	8638	1542971	1588539	1483354
1791192752.818578	8649	1544445	1590013	1483354
1791192752.824422	8662	1546187	1591755	1483354
1791192752.830680	8678	1548331	1593899	1483354
1791192752.836620	8689	1549815	1595383	1483354
1791192752.842828	8706	1552124	1597692	1483354
1791192752.848661	8719	1553886	1599454	1483354
1791192752.854709	8733	1555787	1601355	1483354
1791192752.860771	8751	1558229	1603797	1483354
1791192752.866627	8763	1559872	1605440	1483354
1791192752.872570	8780	1562201	1607769	1483354
1791192752.878626	8794	1564119	1609687	1483354
1791192752.885022	8804	1565489	1611057	1483354
1791192752.890922	8818	1567417	1612985	1483354
1791192752.896827	8834	1569634	1615202	1483354
1791192752.903030	8850	1571851	1617419	1483354
1791192752.908660	8867	1574210	1619778	1483354
1791192752.914386	8884	1576562	1622130	1483354
1791192752.921867	8898	1578539	1624107	1483354
1791192752.927636	8914	1580711	1626279	1483354
1791192752.933929	8931	1583023	1628591	1483354
1791192752.940200	8948	1585350	1630918	1483354
1791192752.946441	8961	1587135	1632703	1483354
1791192752.952146	8977	1589341	1634909	1483354
1791192752.957998	8993	1591542	1637110	1483354
1791192752.964285	9009	1593743	1639311	1483354
1791192752.970395	9026	1596076	1641644	1483354
1791192752.976120	9043	1598405	1643973	1483354
1791192752.982453	9057	1600323	1645891	1483354
1791192752.988186	9071	1602246	1647814	1483354
1791192752.994006	9087	1604463	1650031	1483354
1791192752.999812	9103	1606680	1652248	1483354
1791192753.006134	9118	1608760	1654328	1483354
1791192753.011846	9136	1611256	1656824	1483354
1791192753.017596	9153	1613590	1659158	1483354
1791192753.023275	9171	1616056	1661624	1483354
1791192753.028925	9188	1618385	1663953	1483354
1791192753.034566	9205	1620729	1666297	1483354
1791192753.040239	9223	1623221	1668789	1483354
1791192753.046205	9241	1625717	1671285	1483354
1791192753.051931	9257	1627939	1673507	1483354
1791192753.057583	9273	1630146	1675714	1483354
1791192753.063232	9290	1632475	1678043	1483354
1791192753.068888	9307	1634804	1680372	1483354
1791192753.074544	9325	1637270	1682838	1483354
1791192753.080281	9340	1639349	1684917	1483354
1791192753.085970	9350	1640734	1686302	1483354
1791192753.091738	9362	1642398	1687966	1483354
1791192753.097501	9371	1643646	1689214	1483354
1791192753.103240	9388	1646005	1691573	1483354
1791192753.108973	9404	1648197	1693765	1483354
1791192753.114740	9421	1650509	1696077	1483354
1791192753.121048	9434	1652277	1697845	1483354
1791192753.127333	9448	1654181	1699749	1483354
1791192753.133025	9462	1656100	1701668	1483354
1791192753.154242	9472	1657550	1703118	1483354
1791192753.160021	9490	1660024	1705592	1483354
1791192753.165709	9507	1662366	1707934	1483354
1791192753.171420	9525	1664842	1710410	1483354
1791192753.177658	9541	1667034	1712602	1483354
1791192753.183859	9557	1669226	1714794	1483354
1791192753.189558	9573	1671418	1716986	1483354
1791192753.195275	9585	1673072	1718640	1483354
1791192753.201284	9596	1674594	1720162	1483354
1791192753.207402	9606	1675978	1721546	1483354
1791192753.214353	9616	1677363	1722931	1483354
1791192753.220517	9627	1678890	1724458	1483354
1791192753.226568	9644	1681249	1726817	1483354
1791192753.232850	9656	1682903	1728471	1483354
1791192753.239135	9670	1684821	1730389	1483354
1791192753.244919	9688	1687287	1732855	1483354
1791192753.250637	9704	1689479	1735047	1483354
1791192753.256846	9721	1691828	1737396	1483354
1791192753.262470	9738	1694183	1739751	1483354
1791192753.268086	9755	1696542	1742110	1483354
1791192753.273774	9772	1698901	1744469	1483354
1791192753.279969	9789	1701240	1746808	1483354
1791192753.286180	9806	1703569	1749137	1483354
1791192753.291881	9822	1705761	1751329	1483354
1791192753.298092	9839	1708095	1753663	1483354
1791192753.303736	9856	1710449	1756017	1483354
1791192753.309372	9874	1712945	1758513	1483354
1791192753.315045	9892	1715441	1761009	1483354
1791192753.320942	9902	1716826	1762394	1483354
1791192753.326684	9919	1719165	1764733	1483354
1791192753.332992	9936	1721494	1767062	1483354
1791192753.339372	9947	1723001	1768569	1483354
1791192753.345230	9962	1725056	1770624	1483354
1791192753.350938	9972	1726441	1772009	1483354
1791192753.357102	9983	1727962	1773530	1483354
1791192753.363180	9997	1729901	1775469	1483354
1791192753.369287	10007	1731291	1776859	1483354
1791192753.375059	10021	1733229	1778797	1483354
1791192753.381127	10033	1734893	1780461	1483354
1791192753.387632	10045	1736531	1782099	1483354
1791192753.407802	10046	1736740	1782308	1483354
1791192753.413865	10062	1738912	1784480	1483354
1791192753.420168	10075	1740680	1786248	1483354
1791192753.426391	10091	1742856	1788424	1483354
1791192753.432820	10101	1744231	1789799	1483354
1791192753.439035	10112	1745744	1791312	1483354
1791192753.445399	10128	1747945	1793513	1483354
1791192753.451223	10142	1749874	1795442	1483354
1791192753.456953	10160	1752352	1797920	1483354
1791192753.463449	10177	1754684	1800252	1483354
1791192753.469736	10194	1757013	1802581	1483354
1791192753.475876	10211	1759342	1804910	1483354
1791192753.481549	10228	1761686	1807254	1483354
1791192753.487233	10246	1764177	1809745	1483354
1791192753.493482	10262	1766394	1811962	1483354
1791192753.499690	10277	1768474	1814042	1483354
1791192753.505480	10289	1770138	1815706	1483354
1791192753.511702	10299	1771513	1817081	1483354
1791192753.517774	10311	1773157	1818725	1483354
1791192753.523495	10324	1774938	1820506	1483354
1791192753.529373	10338	1776856	1822424	1483354
1791192753.535599	10354	1779058	1824626	1483354
1791192753.541480	10368	1780996	1826564	1483354
1791192753.547844	10381	1782797	1828365	1483354
1791192753.554084	10397	1785019	1830587	1483354
1791192753.559738	10414	1787373	1832941	1483354
1791192753.565405	10429	1789438	1835006	1483354
1791192753.571045	10446	1791767	1837335	1483354
1791192753.576741	10462	1793959	1839527	1483354
1791192753.582518	10480	1796430	1841998	1483354
1791192753.588144	10497	1798784	1844352	1483354
1791192753.593757	10514	1801143	1846711	1483354
1791192753.599480	10531	1803502	1849070	1483354
1791192753.605175	10548	1805856	1851424	1483354
1791192753.611295	10565	1808185	1853753	1483354
1791192753.616958	10582	1810514	1856082	1483354
1791192753.622642	10597	1812569	1858137	1483354
1791192753.628339	10615	1815055	1860623	1483354
1791192753.634135	10625	1816504	1862072	1483354
1791192753.639868	10640	1818584	1864152	1483354
1791192753.645677	10652	1820248	1865816	1483354
1791192753.651400	10663	1821775	1867343	1483354
